epoch,train_loss,val_loss,train_acc,val_acc
1,1.7015,1.9003,0.3940,0.3511
2,1.3924,1.5720,0.4959,0.4565
3,1.1501,1.3167,0.5780,0.5353
4,0.9617,1.1194,0.6386,0.6008
5,0.8160,0.9640,0.6861,0.6499
6,0.7010,0.8443,0.7261,0.6872
7,0.6131,0.7504,0.7557,0.7169
8,0.5430,0.6767,0.7796,0.7380
9,0.4898,0.6202,0.7969,0.7565
10,0.4481,0.5757,0.8116,0.7698
11,0.4147,0.5409,0.8204,0.7801
12,0.3897,0.5150,0.8289,0.7890
13,0.3698,0.4940,0.8386,0.7968
14,0.3540,0.4767,0.8407,0.8008
15,0.3418,0.4639,0.8460,0.8050
16,0.3337,0.4549,0.8498,0.8075
17,0.3263,0.4471,0.8529,0.8117
18,0.3199,0.4410,0.8521,0.8115
19,0.3163,0.4364,0.8561,0.8144
20,0.3114,0.4330,0.8542,0.8146
21,0.3095,0.4297,0.8588,0.8153
22,0.3078,0.4279,0.8587,0.8165
23,0.3058,0.4260,0.8579,0.8195
24,0.3052,0.4244,0.8590,0.8190
25,0.3039,0.4244,0.8577,0.8177
26,0.3030,0.4223,0.8578,0.8174
27,0.3013,0.4221,0.8597,0.8185
28,0.3012,0.4221,0.8603,0.8193
29,0.3016,0.4220,0.8607,0.8201
30,0.3013,0.4217,0.8594,0.8198
31,0.3010,0.4215,0.8610,0.8180
32,0.3001,0.4203,0.8608,0.8201
33,0.3001,0.4199,0.8606,0.8206
34,0.3011,0.4204,0.8599,0.8182
35,0.2995,0.4202,0.8592,0.8189
36,0.2996,0.4210,0.8613,0.8202
37,0.3009,0.4210,0.8606,0.8190
38,0.2994,0.4206,0.8598,0.8206
39,0.3008,0.4196,0.8603,0.8205
40,0.3001,0.4194,0.8594,0.8193
