epoch,train_loss,val_loss,train_acc,val_acc,
1,2.0821,2.2741,0.2714,0.2666,0.001
2,1.9276,2.1123,0.3360,0.3269,0.001
3,1.7855,1.9634,0.3944,0.3814,0.001
4,1.6547,1.8264,0.4473,0.4308,0.001
5,1.5344,1.7003,0.4951,0.4754,0.001
6,1.4237,1.5844,0.5384,0.5158,0.001
7,1.3219,1.4777,0.5776,0.5524,0.001
8,1.2282,1.3795,0.6130,0.5855,0.001
9,1.1420,1.2892,0.6451,0.6154,0.001
10,1.0627,1.2061,0.6741,0.6425,0.001
11,0.9897,1.1297,0.7003,0.6670,0.001
12,0.9225,1.0593,0.7241,0.6892,0.001
13,0.8608,0.9946,0.7456,0.7092,0.001
14,0.8039,0.9351,0.7651,0.7274,0.001
15,0.7517,0.8803,0.7827,0.7438,0.001
16,0.7036,0.8299,0.7986,0.7587,0.001
17,0.6593,0.7835,0.8130,0.7721,0.001
18,0.6186,0.7409,0.8260,0.7843,0.001
19,0.5811,0.7016,0.8378,0.7953,0.001
20,0.5466,0.6655,0.8485,0.8053,0.001
21,0.5149,0.6323,0.8582,0.8143,0.001
22,0.4857,0.6017,0.8669,0.8224,0.001
23,0.4589,0.5736,0.8748,0.8298,0.001
24,0.4342,0.5477,0.8820,0.8365,0.001
25,0.4115,0.5239,0.8884,0.8425,0.001
26,0.3906,0.5020,0.8943,0.8480,0.001
27,0.3713,0.4819,0.8996,0.8530,0.001
28,0.3536,0.4633,0.9044,0.8574,0.001
29,0.3374,0.4463,0.9087,0.8615,0.001
30,0.3224,0.4306,0.9127,0.8651,0.001
