epoch,train_loss,train_acc,val_acc
1,2.0821,0.2714,0.2666
2,1.9276,0.3360,0.3269
3,1.7855,0.3944,0.3814
4,1.6547,0.4473,0.4308
5,1.5344,0.4951,0.4754
6,1.4237,0.5384,0.5158
7,1.3219,0.5776,0.5524
8,1.2282,0.6130,0.5855
9,1.1420,0.6451,0.6154
10,1.0627,0.6741,0.6425
11,0.9897,0.7003,0.6670
12,0.9225,0.7241,0.6892
13,0.8608,0.7456,0.7092
14,0.8039,0.7651,0.7274
15,0.7517,0.7827,0.7438
16,0.7036,0.7986,0.7587
17,0.6593,0.8130,0.7721
18,0.6186,0.8260,0.7843
19,0.5811,0.8378,0.7953
20,0.5466,0.8485,0.8053
21,0.5149,0.8582,0.8143
22,0.4857,0.8669,0.8224
23,0.4589,0.8748,0.8298
24,0.4342,0.8820,0.8365
25,0.4115,0.8884,0.8425
26,0.3906,0.8943,0.8480
27,0.3713,0.8996,0.8530
28,0.3536,0.9044,0.8574
29,0.3374,0.9087,0.8615
30,0.3224,0.9127,0.8651
