epoch,train_loss,val_loss,train_acc
1,2.0821,2.2741,0.2714
2,1.9276,2.1123,0.3360
3,1.7855,1.9634,0.3944
4,1.6547,1.8264,0.4473
5,1.5344,1.7003,0.4951
6,1.4237,1.5844,0.5384
7,1.3219,1.4777,0.5776
8,1.2282,1.3795,0.6130
9,1.1420,1.2892,0.6451
10,1.0627,1.2061,0.6741
11,0.9897,1.1297,0.7003
12,0.9225,1.0593,0.7241
13,0.8608,0.9946,0.7456
14,0.8039,0.9351,0.7651
15,0.7517,0.8803,0.7827
16,0.7036,0.8299,0.7986
17,0.6593,0.7835,0.8130
18,0.6186,0.7409,0.8260
19,0.5811,0.7016,0.8378
20,0.5466,0.6655,0.8485
21,0.5149,0.6323,0.8582
22,0.4857,0.6017,0.8669
23,0.4589,0.5736,0.8748
24,0.4342,0.5477,0.8820
25,0.4115,0.5239,0.8884
26,0.3906,0.5020,0.8943
27,0.3713,0.4819,0.8996
28,0.3536,0.4633,0.9044
29,0.3374,0.4463,0.9087
30,0.3224,0.4306,0.9127
